NA,NA,NA,NA,NA,
NA,NA,NA,NA,NA,
NA,NA,NA,NA,NA,
NA,NA,NA,NA,NA,
Wesley Milestone 2.0 Casual Waterproof Laptop Backpack/Office Bag/School Bag/College Bag/Business Bag/Travel Backpack (Dimensions:13x18 inches) (Compatible with 39.62cm(15.6inch laptop) 30 L (Blue & black),NA,4.3 out of 5 stars,11540 ratings,In stock,
NA,NA,NA,NA,NA,
NA,NA,NA,NA,NA,
NA,NA,NA,NA,NA,
NA,NA,NA,NA,NA,
NA,NA,NA,NA,NA,
NA,NA,NA,NA,NA,
NA,NA,NA,NA,NA,
NA,NA,NA,NA,NA,
NA,NA,NA,NA,NA,
NA,NA,NA,NA,NA,
NA,NA,NA,NA,NA,
NA,NA,NA,NA,NA,
American Tourister VALEX BLACK LAPTOP BACKPACK 28 LtrsVolume LAPTOP COMPARTMENT BOTTLE POCKET FRONT ORGANIZER,NA,4.3 out of 5 stars,410 ratings,In stock,
NA,NA,NA,NA,NA,
NA,NA,NA,NA,NA,
NA,NA,NA,NA,NA,
Presto! Oxo-Biodegradable Garbage Bags Large (24 x 32 inches) - 15 bags/roll (Pack of 6 Black plastic),NA,4.3 out of 5 stars,29544 ratings,In stock,
NA,NA,NA,NA,NA,
NA,NA,NA,NA,NA,
NA,NA,NA,NA,NA,
NA,NA,NA,NA,NA,
NA,NA,NA,NA,NA,
NA,NA,NA,NA,NA,
NA,NA,NA,NA,NA,
NA,NA,NA,NA,NA,
NA,NA,NA,NA,NA,
NA,NA,NA,NA,NA,
NA,NA,NA,NA,NA,
NA,NA,NA,NA,NA,
NA,NA,NA,NA,NA,
NA,NA,NA,NA,NA,
NA,NA,NA,NA,NA,
NA,NA,NA,NA,NA,
NA,NA,NA,NA,NA,
NA,NA,NA,NA,NA,
NA,NA,NA,NA,NA,
NA,NA,NA,NA,NA,
NA,NA,NA,NA,NA,
NA,NA,NA,NA,NA,
NA,NA,NA,NA,NA,
NA,NA,NA,NA,NA,
NA,NA,NA,NA,NA,
NA,NA,NA,NA,NA,
NA,NA,NA,NA,NA,
NA,NA,NA,NA,NA,
NA,NA,NA,NA,NA,
NA,NA,NA,NA,NA,
NA,NA,NA,NA,NA,
NA,NA,NA,NA,NA,
NA,NA,NA,NA,NA,
NA,NA,NA,NA,NA,
NA,NA,NA,NA,NA,
NA,NA,NA,NA,NA,
NA,NA,NA,NA,NA,
NA,NA,NA,NA,NA,
NA,NA,NA,NA,NA,
NA,NA,NA,NA,NA,
NA,NA,NA,NA,NA,
NA,NA,NA,NA,NA,
NA,NA,NA,NA,NA,
Gear Polyester 23 Cms Travel Duffle Bag (Black),NA,4.3 out of 5 stars,2156 ratings,In stock,
ADISA Laptop Backpack 31 Ltrs,NA,4.0 out of 5 stars,9387 ratings,In stock,
NA,NA,NA,NA,NA,
NA,NA,NA,NA,NA,
NA,NA,NA,NA,NA,
NA,NA,NA,NA,NA,
NA,NA,NA,NA,NA,
NA,NA,NA,NA,NA,
NA,NA,NA,NA,NA,
Tosaa Plastic Dieting Airtight Lunch/Tiffin Box Set 3 Compartment Tiffin with Handle & Push Lock for Travelling School Kids & Office ExclusiveBlue (14 x 12 x 14 cm),NA,3.7 out of 5 stars,1417 ratings,In stock,
NA,NA,NA,NA,NA,
NA,NA,NA,NA,NA,
NA,NA,NA,NA,NA,
NA,NA,NA,NA,NA,
NA,NA,NA,NA,NA,
NA,NA,NA,NA,NA,
NA,NA,NA,NA,NA,
NA,NA,NA,NA,NA,
DZert Clasy Laptop Bag College Bag for Boys Girls 21 L Blue White,NA,3.8 out of 5 stars,2460 ratings,In stock,
NA,NA,NA,NA,NA,
NA,NA,NA,NA,NA,
NA,NA,NA,NA,NA,
NA,NA,NA,NA,NA,
NA,NA,NA,NA,NA,
NA,NA,NA,NA,NA,
NA,NA,NA,NA,NA,
NA,NA,NA,NA,NA,
NA,NA,NA,NA,NA,
NA,NA,NA,NA,NA,
NA,NA,NA,NA,NA,
NA,NA,NA,NA,NA,
NA,NA,NA,NA,NA,
NA,NA,NA,NA,NA,
NA,NA,NA,NA,NA,
NA,NA,NA,NA,NA,
URBAN TRIBE Havana Laptop Backpack for Men & Women | Laptop Bag 15.6 inch | Office Work/Casual/College Bag | Black 27L,NA,3.9 out of 5 stars,773 ratings,In stock,
ADISA 32L Large Laptop Backpack Office Bag College Travel Back Pack with rain Cover (Green),NA,3.8 out of 5 stars,223 ratings,In stock,
NA,NA,NA,NA,NA,
NA,NA,NA,NA,NA,
NA,NA,NA,NA,NA,
NA,NA,NA,NA,NA,
NA,NA,NA,NA,NA,
NA,NA,NA,NA,NA,
NA,NA,NA,NA,NA,
NA,NA,NA,NA,NA,
NA,NA,NA,NA,NA,
Half Moon Valex Unisex School Bag/Laptop Backpack/College Bagpack/Office Back Packed | Laptop Bag for Men & Women | School Bags for Boys & Girls with Small Pockets & Laptop Compartment,NA,3.9 out of 5 stars,48 ratings,In stock,
NA,NA,NA,NA,NA,
NORTH ZONE Lightweight school bags Backpacks for Boys Girls Stylish men and women Casual Travel Laptop Bag College office,NA,3.9 out of 5 stars,789 ratings,In stock,
Zipline Unisex Casual Polyester 36 L Backpack School Bag Women Men Boys Girls Children Daypack College Bag Book School Sports Bag,NA,3.7 out of 5 stars,904 ratings,In stock,
WILDHORN 31L Laptop Backpack for Men/Women I Fits upto 15.6" Laptop I Waterproof I Travel/Business/College Bookbags,NA,4.0 out of 5 stars,1391 ratings,In stock,
NA,NA,NA,NA,NA,
NA,NA,NA,NA,NA,
NA,NA,NA,NA,NA,
NA,NA,NA,NA,NA,
Tommy Hilfiger Joshua 21 Ltrs Black Laptop Backpack (TH/JOSHUALAP01),NA,4.1 out of 5 stars,322 ratings,In stock,
NA,NA,NA,NA,NA,
NA,NA,NA,NA,NA,
NA,NA,NA,NA,NA,
F Gear Colorado Grey Orange 39 Ltrs Laptop Backpack (3814),NA,4.2 out of 5 stars,196 ratings,In stock,
NA,NA,NA,NA,NA,
NA,NA,NA,NA,NA,
NA,NA,NA,NA,NA,
NA,NA,NA,NA,NA,
NA,NA,NA,NA,NA,
SAFARI 15 Ltrs Denim Blue Casual/School/College Backpack (DAYPACKNEO15CBDNB),NA,4.0 out of 5 stars,12955 ratings,In stock,
NA,NA,NA,NA,NA,
NA,NA,NA,NA,NA,
NA,NA,NA,NA,NA,
Gear Vintage2 28L Faux Leather Water Resistant Anti Theft Laptop Bag/Backpack for Men/Women-Navy,NA,4.4 out of 5 stars,3286 ratings,In stock,
Skybags Unisex Grey Jacqard 34L Laptop Bags,NA,3.8 out of 5 stars,54 ratings,In stock,
NA,NA,NA,NA,NA,
NA,NA,NA,NA,NA,
NA,NA,NA,NA,NA,
NA,NA,NA,NA,NA,
NA,NA,NA,NA,NA,
NA,NA,NA,NA,NA,
NA,NA,NA,NA,NA,
NA,NA,NA,NA,NA,
NA,NA,NA,NA,NA,
NA,NA,NA,NA,NA,
NA,NA,NA,NA,NA,
NA,NA,NA,NA,NA,
NA,NA,NA,NA,NA,
NA,NA,NA,NA,NA,
NA,NA,NA,NA,NA,
NA,NA,NA,NA,NA,
NA,NA,NA,NA,NA,
NA,NA,NA,NA,NA,
NA,NA,NA,NA,NA,
NA,NA,NA,NA,NA,
NA,NA,NA,NA,NA,
NA,NA,NA,NA,NA,
NA,NA,NA,NA,NA,
NA,NA,NA,NA,NA,
NA,NA,NA,NA,NA,
NA,NA,NA,NA,NA,
NA,NA,NA,NA,NA,
NA,NA,NA,NA,NA,
NA,NA,NA,NA,NA,
NA,NA,NA,NA,NA,
NA,NA,NA,NA,NA,
NA,NA,NA,NA,NA,
WILD MODA Women's Shoulder Bag Set of 1,NA,4.2 out of 5 stars,3965 ratings,In stock,
NA,NA,NA,NA,NA,
NA,NA,NA,NA,NA,
NA,NA,NA,NA,NA,
NA,NA,NA,NA,NA,
NA,NA,NA,NA,NA,
Lenovo 15.6-inch Casual Laptop Briefcase T210,NA,4.2 out of 5 stars,20121 ratings,In stock,
NA,NA,NA,NA,NA,
NA,NA,NA,NA,NA,
NA,NA,NA,NA,NA,
NA,NA,NA,NA,NA,
NA,NA,NA,NA,NA,
NA,NA,NA,NA,NA,
NA,NA,NA,NA,NA,
NA,NA,NA,NA,NA,
NA,NA,NA,NA,NA,
NA,NA,NA,NA,NA,
NA,NA,NA,NA,NA,
Bennett Casual Laptop Bag School Bags for Boys Girls 15.6-inch 25 LTR Office & College bags for Mens Water Repellent Backpack for Men & Women (GREY),NA,3.9 out of 5 stars,165 ratings,In stock,
NA,NA,NA,NA,NA,
NA,NA,NA,NA,NA,
NA,NA,NA,NA,NA,
Half Moon 34 L Water Resistant 15.6 inch Laptop Bag/Backpack for Men Women Boys Girls/Office School College with Padded Laptop Compartment (Grey),NA,3.9 out of 5 stars,1328 ratings,In stock,
NA,NA,NA,NA,NA,
NA,NA,NA,NA,NA,
NA,NA,NA,NA,NA,
NA,NA,NA,NA,NA,
NA,NA,NA,NA,NA,
NA,NA,NA,NA,NA,
NA,NA,NA,NA,NA,
NA,NA,NA,NA,NA,
NA,NA,NA,NA,NA,
NA,NA,NA,NA,NA,
NIVIA Basic Duffle Polyester Bag/Gym Bags/Adjustable Shoulder Bag for Men/Duffle Gym Bags for Men/Fitness Bag/Carry Bags/Sports & Travel Bag/Sports Kit/Duffle Bags Travel,NA,4.0 out of 5 stars,3626 ratings,In stock,
NA,NA,NA,NA,NA,
NA,NA,NA,NA,NA,
NA,NA,NA,NA,NA,
American Tourister Casual Backpack,NA,4.2 out of 5 stars,4023 ratings,In stock,
SELAXO Bags-Travel Hiking Laptop Bag fits Upto 18. inch with Raincover yes and Internal Organiser Backpack Rucksack College(Black),NA,Previous page of related Sponsored Products,NA,,
NA,NA,NA,NA,NA,
